"Qty","Reference","Value","Datasheet","Footprint","Manufacturer","Manufacturer Part Number","Mouser"
"1","BP501","~","","BatPack_4S:BatPack_4S","","",""
"20","C201,C202,C205,C206,C208,C301,C309,C310,C401,C402,C403,C404,C411,C412,C415,C416,C417,C418,C421,C422","10u","~","-- różne wartości --","","",""
"2","C203,C204","22u","~","Capacitor_SMD:C_0603_1608Metric","","",""
"12","C209,C302,C308,C311,C501,C502,C503,C504,C505,C506,C510,C601","1u","~","-- różne wartości --","","",""
"2","C210,C211","220p","~","Capacitor_SMD:C_0402_1005Metric","","",""
"25","C212,C213,C214,C215,C216,C217,C303,C304,C305,C306,C307,C312,C313,C316,C317,C318,C319,C413,C414,C419,C420,C507,C508,C509,C602","100n","~","Capacitor_SMD:C_0402_1005Metric","","",""
"1","C314","22p","~","Capacitor_SMD:C_0402_1005Metric","","",""
"1","C315","32n","~","Capacitor_SMD:C_0402_1005Metric","","",""
"1","D301","BAT54","https://diotec.com/request/datasheet/bat54ws.pdf","Diode_SMD:D_SOD-323F","","","https://www.mouser.pl/ProductDetail/Diotec-Semiconductor/BAT54WS?qs=OlC7AqGiEDky6b8%2FWvhBfg%3D%3D"
"1","D302","RED","~","LED_SMD:LED_0603_1608Metric","","",""
"1","D303","GREEN","~","LED_SMD:LED_0603_1608Metric","","",""
"1","D304","BLUE","~","LED_SMD:LED_0603_1608Metric","","",""
"1","J401","Conn_01x06","https://www.tme.eu/Document/8870926e7a9f1e6e1b9280e51121ba82/MX-43650-0600.pdf","436500600:436500600","","",""
"1","J601","12401948E412A","","USBC20_12401948E412A:AMPHENOL_12401948E412A","","",""
"2","L301,L404","6.8u","https://www.mouser.pl/datasheet/2/54/Bourns_SRP7020TA_datasheet-2758365.pdf","SRP4020TA:SRP4020TA","","","https://www.mouser.pl/ProductDetail/Bourns/SRP7020TA-6R8M?qs=A6eO%252BMLsxmRl1bBVE1T7zg%3D%3D"
"1","L403","12u","https://www.mouser.pl/datasheet/2/54/srr1050a-1391598.pdf","SRR1050A:SRR1050A","","","https://www.mouser.pl/ProductDetail/Bourns/SRR1050A-120Y?qs=Vt59ZOdFuWb%2FvNqHghk91A%3D%3D"
"4","Q201,Q202,Q203,Q204","PMPB16EPX","https://www.mouser.pl/datasheet/2/916/PMPB16EP-1664514.pdf","PMPB16EPX:PMPB16EPX","","","https://www.mouser.pl/ProductDetail/Nexperia/PMPB16EPX?qs=Cb2nCFKsA8qwqmK0FL64WA%3D%3D"
"3","Q205,Q206,Q304","DMN63D8LW-7","https://www.diodes.com/assets/Datasheets/DMN63D8LW.pdf","Package_TO_SOT_SMD:SOT-323_SC-70","","","https://www.mouser.pl/ProductDetail/Diodes-Incorporated/DMN63D8LW-7?qs=nQSIdc08i%252BdeaOzEDVtdYQ%3D%3D"
"7","Q301,Q302,Q303,Q305,Q306,Q501,Q502","SI7611DN","-- różne wartości --","-- różne wartości --","","","-- różne wartości --"
"3","Q307,Q308,Q309","SSM3J36FS,LF","~","Package_TO_SOT_SMD:SOT-416","","","https://www.mouser.pl/ProductDetail/Toshiba/SSM3J36FSLF?qs=rsevcuukUAzcgGzSseuhiw%3D%3D"
"1","R201","0R","~","Resistor_SMD:R_0402_1005Metric","","",""
"12","R202,R203,R204,R205,R307,R313,R402,R404,R408,R410,R503,R507","10k","~","Resistor_SMD:R_0402_1005Metric","","",""
"2","R207,R209","5.1k","~","Resistor_SMD:R_0402_1005Metric","","",""
"15","R208,R210,R211,R212,R213,R214,R303,R304,R308,R309,R310,R319,R405,R406,R601","100k","~","Resistor_SMD:R_0402_1005Metric","","",""
"1","R301","10R","~","Resistor_SMD:R_0402_1005Metric","","",""
"3","R302,R311,R517","10m","~","Resistor_SMD:R_0805_2012Metric","","","https://www.mouser.pl/ProductDetail/Bussmann-Eaton/MFL0805R0100FS?qs=sGAEpiMZZMtlleCFQhR%2FzX%2FMoTUoyF2ngo8Egw5i9TlVHQAaZWPqUA%3D%3D"
"7","R305,R306,R315,R317,R322,R501,R510","1k","~","Resistor_SMD:R_0402_1005Metric","","",""
"2","R312,R314","22k","~","Resistor_SMD:R_0402_1005Metric","","",""
"1","R316","680k","~","Resistor_SMD:R_0402_1005Metric","","",""
"1","R318","430k","~","Resistor_SMD:R_0402_1005Metric","","",""
"3","R320,R512,R513","100R","~","Resistor_SMD:R_0402_1005Metric","","",""
"1","R321","9.31k","~","Resistor_SMD:R_0402_1005Metric","","",""
"1","R401","?","~","Resistor_SMD:R_0402_1005Metric","","",""
"1","R403","56.7k","~","Resistor_SMD:R_0402_1005Metric","","",""
"1","R407","140k","~","Resistor_SMD:R_0402_1005Metric","","",""
"1","R409","52.5k","~","Resistor_SMD:R_0402_1005Metric","","",""
"5","R502,R504,R505,R508,R511","33R","~","Resistor_SMD:R_0402_1005Metric","","",""
"1","R506","750k","~","Resistor_SMD:R_0402_1005Metric","","",""
"1","R509","4.5k","~","Resistor_SMD:R_0402_1005Metric","","",""
"2","R514,R515","1M","~","Resistor_SMD:R_0402_1005Metric","","",""
"1","R516","470k","~","Resistor_SMD:R_0402_1005Metric","","",""
"1","TH301","NTC 103AT","https://www.mouser.pl/datasheet/2/362/semitec_atthermistor-1202913.pdf","NTC 103AT:NTC_103AT","","","https://www.mouser.pl/ProductDetail/Semitec/103AT-4-70374?qs=wgO0AD0o1vuCg8Z%2FaBXryQ%3D%3D"
"1","TP202","GND","~","TestPoint:TestPoint_Pad_D2.0mm","","",""
"1","TP501","PROT_GND","~","TestPoint:TestPoint_Pad_D2.0mm","","",""
"1","U201","TPS65988DHRSHR","https://www.ti.com/lit/ds/symlink/tps65988.pdf?ts=1722405717194&ref_url=https%253A%252F%252Fapp.ultralibrarian.com%252Fdetails%252F16b0643f-103f-11e9-ab3a-0a3560a4cccc%252FTexas-Instruments%252FTPS65988DHRSHR","TPS65988DHRSHR:TPS65988DHRSHR","","","https://www.mouser.pl/ProductDetail/Texas-Instruments/TPS65988DHRSHR?qs=qSfuJ%252Bfl%2Fd6JCHWHfhEFiA%3D%3D"
"1","U301","BQ24610RGET","https://www.ti.com/lit/ds/symlink/bq24610.pdf?ts=1722779353035","BQ24610RGET:QFN50P400X400X100-25N","","","https://www.mouser.pl/ProductDetail/Texas-Instruments/BQ24610RGET?qs=%2Fqzd9s%252BcLd6sF485ADNK4Q%3D%3D"
"3","U302,U407,U408","74AHC1G02","-- różne wartości --","74LVC1G02SE-7:SOT65P210X110-5N_SOT-353","","","-- różne wartości --"
"1","U305","SN74LVC2G32-Q1 ","https://www.ti.com/lit/ds/symlink/sn74lvc2g32-q1.pdf?ts=1725355229161&ref_url=https%253A%252F%252Fwww.mouser.pl%252F","SN74LVC2G32QDCURQ1:SN74LVC2G32QDCURQ1","","","https://www.mouser.pl/ProductDetail/Texas-Instruments/SN74LVC2G32QDCURQ1?qs=VMlqFFbv3sQUJZzSA2%2Fmww%3D%3D"
"2","U401,U402","BD00FC0WEFJ","https://fscdn.rohm.com/en/products/databook/datasheet/ic/power/linear_regulator/bdxxfc0wefj-e.pdf","Package_SO:HTSOP-8-1EP_3.9x4.9mm_P1.27mm_EP2.4x3.2mm","","","https://www.mouser.pl/ProductDetail/ROHM-Semiconductor/BD00FC0WEFJ-E2?qs=%2FKR40Cd6GUr9XEO%2FNy5aPg%3D%3D"
"2","U403,U405","TPS563300DRLR","https://www.ti.com/lit/ds/symlink/tps563300.pdf?ts=1723023505574&ref_url=https%253A%252F%252Fwww.mouser.pl%252F","TPS563300DRLR:SOT583_DRL","","","https://www.mouser.pl/ProductDetail/Texas-Instruments/TPS563300DRLR?qs=vvQtp7zwQdMDxJAw0dSlAg%3D%3D"
"2","U404,U406","74LVC1G32QSE-7","https://www.mouser.pl/datasheet/2/115/DIOD_S_A0010762260_1-2543563.pdf","74LVC1G02SE-7:SOT65P210X110-5N_SOT-353","","","https://www.mouser.pl/ProductDetail/Diodes-Incorporated/74LVC1G32QSE-7?qs=sGAEpiMZZMuyBeSSR239ISiwvSAD5NlF5sF9aZSa8C3ee8vWrGDrkg%3D%3D"
"1","U501","BQ7791501PWR","https://www.ti.com/lit/ds/symlink/bq77915.pdf?ts=1724182182635&ref_url=https%253A%252F%252Fwww.mouser.fr%252F","BQ7791501PWR:SOP65P640X120-24N_BQ7791501PWR","","","https://www.mouser.pl/ProductDetail/Texas-Instruments/BQ7791501PWR?qs=B6kkDfuK7%2FBYqAWOM%2FFUaQ%3D%3D"
"1","U601","TPD6S300ARUKR","https://www.ti.com/lit/ds/symlink/tpd6s300a.pdf?ts=1724377282591&ref_url=https%253A%252F%252Fwww.ti.com%252Fcross-reference-search%252Fsinglepart%253FsearchTerm%253DNX20P0408","TPD6S300ARUKR:WQFN20_RUK_TEX_TPD6S300ARUKR","","","https://www.mouser.pl/ProductDetail/Texas-Instruments/TPD6S300ARUKR?qs=%252BEew9%252B0nqrA1G22imPqdyw%3D%3D"
